"","upi_bank","cvol_mn","cval_cr","vol_mn","val_cr","month"
"1","Airtel Payments Bank Apps",9.04,2248.49,15.12,5732.09,"Dec"
"2","Airtel Payments Bank Apps",8.41,1923.95,15.9,5554.63,"Nov"
"3","Airtel Payments Bank Apps",7.6,1491.34,14.31,4746.79,"Oct"
"4","Airtel Payments Bank Apps",6.91,1520.92,11.52,3759.12,"Sep"
"5","Airtel Payments Bank Apps",6.14,1396.65,9.31,2941.88,"Aug"
"6","Airtel Payments Bank Apps",5.79,1534.21,7.36,2342.76,"Jul"
"7","Airtel Payments Bank Apps",5.06,1323.26,6.69,2821.94,"Jun"
"8","Airtel Payments Bank Apps",4.06,429.12,4.06,429.12,"May"
"9","Airtel Payments Bank Apps",3.53,363.66,14.7,11172.43,"Apr"
"10","Airtel Payments Bank Apps",3.79,381.74,3.79,381.74,"Mar"
"11","Airtel Payments Bank Apps",3.33,348.7,3.33,348.7,"Feb"
"12","Airtel Payments Bank Apps",3.71,355.77,3.71,355.77,"Jan"
"13","Amazon Pay",76.18,6641.62,76.18,6641.62,"Dec"
"14","Amazon Pay",71.04,6041.96,71.04,6041.96,"Nov"
"15","Amazon Pay",68.82,6286.6,68.82,6286.6,"Oct"
"16","Amazon Pay",62.9,5267.79,62.9,5267.79,"Sep"
"17","Amazon Pay",60.67,5297.16,60.67,5297.16,"Aug"
"18","Amazon Pay",62.83,5223.57,62.83,5223.57,"Jul"
"19","Amazon Pay",51.34,4814.74,51.34,4814.74,"Jun"
"20","Amazon Pay",58.35,4782.59,58.35,4782.59,"May"
"21","Amazon Pay",49.12,4272.47,49.12,4272.47,"Apr"
"22","Amazon Pay",52.38,4457.47,52.38,4457.47,"Mar"
"23","Amazon Pay",44.22,3831.99,44.22,3831.99,"Feb"
"24","Amazon Pay",46.3,4044.38,46.3,4044.38,"Jan"
"25","AU Small Finance Bank App",0.21,76.22,0.21,76.22,"Dec"
"26","AU Small Finance Bank App",0.17,67.04,0.17,67.04,"Nov"
"27","AU Small Finance Bank App",0.16,62.15,0.16,62.15,"Oct"
"28","AU Small Finance Bank App",0.13,46.49,0.13,46.49,"Sep"
"29","AU Small Finance Bank App",0.1,38.53,0.1,38.53,"Aug"
"30","AU Small Finance Bank App",0.08,33.12,0.08,33.12,"Jul"
"31","AU Small Finance Bank App",0.05,25.43,0.05,25.43,"Jun"
"32","AU Small Finance Bank App",0.04,20.29,0.04,20.29,"May"
"33","AU Small Finance Bank App",0.04,20.23,0.04,20.23,"Apr"
"34","AU Small Finance Bank App",0.04,21.33,0.04,21.33,"Mar"
"35","AU Small Finance Bank App",0.03,15.48,0.03,15.48,"Feb"
"36","AU Small Finance Bank App",0.02,12.28,0.02,12.28,"Jan"
"37","Axis Bank Apps",6.63,916.58,59.85,957.37,"Dec"
"38","Axis Bank Apps",6.71,875.09,70.83,920.76,"Nov"
"39","Axis Bank Apps",8.4,963.14,69.28,1005.7,"Oct"
"40","Axis Bank Apps",7.37,788.51,59.13,832.73,"Sep"
"41","Axis Bank Apps",10.11,890.5,87.49,959.73,"Aug"
"42","Axis Bank Apps",10.08,891.26,74.13,941.35,"Jul"
"43","Axis Bank Apps",9.77,822.59,61.92,857.05,"Jun"
"44","Axis Bank Apps",10.27,769.07,68.9,806.31,"May"
"45","Axis Bank Apps",9.72,697.87,80.52,747.46,"Apr"
"46","Axis Bank Apps",8.56,704.6,72.87,748.91,"Mar"
"47","Axis Bank Apps",6.72,604.08,64.74,648.47,"Feb"
"48","Axis Bank Apps",5.23,560.7,71.96,618.44,"Jan"
"49","Bajaj Finserv",0.13,7.08,0.13,7.08,"Dec"
"50","Bajaj Finserv",0.06,4.1,0.06,4.1,"Nov"
"51","Bajaj Finserv",0.06,4.3,0.06,4.3,"Oct"
"52","Bajaj Finserv",0.04,3.03,0.04,3.03,"Sep"
"53","Bajaj Finserv",0.04,2.85,0.04,2.85,"Aug"
"54","Bajaj Finserv",0.02,1.55,0.02,1.55,"Jul"
"55","Bajaj Finserv",0.01,1.05,0.01,1.05,"Jun"
"56","Bajaj Finserv",0.01,0.77,0.01,0.77,"May"
"57","Bajaj Finserv",0.01,0.96,0.01,0.96,"Apr"
"58","Bajaj Finserv",0.01,1.02,0.01,1.02,"Mar"
"59","Bajaj Finserv",0.01,1.03,0.01,1.03,"Feb"
"60","Bajaj Finserv",0.01,0.99,0.01,0.99,"Jan"
"61","Bank of Baroda Apps",0.75,333.91,0.75,333.91,"Dec"
"62","Bank of Baroda Apps",0.75,329.76,0.75,329.77,"Nov"
"63","Bank of Baroda Apps",0.8,344.85,0.8,344.85,"Oct"
"64","Bank of Baroda Apps",0.73,293.05,0.73,293.05,"Sep"
"65","Bank of Baroda Apps",0.75,302.05,0.75,302.06,"Aug"
"66","Bank of Baroda Apps",0.67,284.98,0.67,284.99,"Jul"
"67","Bank of Baroda Apps",0.6,265.38,0.6,265.38,"Jun"
"68","Bank of Baroda Apps",0.54,230.89,0.54,230.89,"May"
"69","Bank of Baroda Apps",0.56,238.5,0.56,238.5,"Apr"
"70","Bank of Baroda Apps",0.78,294.28,0.78,294.28,"Mar"
"71","Bank of Baroda Apps",0.66,256.49,0.66,256.49,"Feb"
"72","Bank of Baroda Apps",0.75,293.25,0.75,293.25,"Jan"
"73","Bank of Maharashtra App",0.05,11.52,0.05,11.52,"Dec"
"74","Bank of Maharashtra App",0.04,10.84,0.04,10.84,"Nov"
"75","Bank of Maharashtra App",0.04,10.5,0.04,10.5,"Oct"
"76","Bank of Maharashtra App",0.04,7.8,0.04,7.8,"Sep"
"77","Bank of Maharashtra App",0.04,7.76,0.04,7.76,"Aug"
"78","Bank of Maharashtra App",0.03,7.27,0.03,7.27,"Jul"
"79","Bank of Maharashtra App",0.03,6.82,0.03,6.82,"Jun"
"80","Bank of Maharashtra App",0.02,6.18,0.02,6.18,"May"
"81","Bank of Maharashtra App",0.02,6.05,0.02,6.05,"Apr"
"82","Bank of Maharashtra App",0.03,6.73,0.03,6.73,"Mar"
"83","Bank of Maharashtra App",0.02,5.73,0.02,5.73,"Feb"
"84","Bank of Maharashtra App",0.02,6.37,0.02,6.37,"Jan"
"85","BHIM",27.12,8831.67,27.12,8831.67,"Dec"
"86","BHIM",25.23,8237.22,25.23,8237.22,"Nov"
"87","BHIM",27.27,8513.82,27.27,8513.82,"Oct"
"88","BHIM",25.36,7538.58,25.36,7538.58,"Sep"
"89","BHIM",26.33,8063.93,26.33,8063.93,"Aug"
"90","BHIM",23.76,7442.86,23.76,7442.86,"Jul"
"91","BHIM",22.84,7319.77,22.84,7319.77,"Jun"
"92","BHIM",21.02,6776.2,21.02,6776.2,"May"
"93","BHIM",22.26,6886.78,22.26,6886.78,"Apr"
"94","BHIM",24.42,7653.21,24.42,7653.21,"Mar"
"95","BHIM",20.44,6379.91,20.44,6379.91,"Feb"
"96","BHIM",23.38,7462.94,23.38,7462.94,"Jan"
"97","Canara Bank App",0.25,90.72,0.25,90.72,"Dec"
"98","Canara Bank App",0.21,78.32,0.21,78.32,"Nov"
"99","Canara Bank App",0.21,77.06,0.21,77.06,"Oct"
"100","Canara Bank App",0.16,51.88,0.16,51.88,"Sep"
"101","Canara Bank App",0.14,56.23,0.14,56.23,"Aug"
"102","Canara Bank App",0.11,55.83,0.11,55.83,"Jul"
"103","Canara Bank App",0.1,52.64,0.1,52.64,"Jun"
"104","Canara Bank App",0.09,45.92,0.09,45.92,"May"
"105","Canara Bank App",0.09,43.87,0.09,43.87,"Apr"
"106","Canara Bank App",0.1,47.87,0.1,47.87,"Mar"
"107","Canara Bank App",0.08,37.39,0.08,37.39,"Feb"
"108","Canara Bank App",0.09,40.52,0.09,40.52,"Jan"
"109","Central Bank of India App",0.13,46.47,0.13,46.47,"Dec"
"110","Central Bank of India App",0.11,43.57,0.11,43.57,"Nov"
"111","Central Bank of India App",0.12,45.48,0.12,45.48,"Oct"
"112","Central Bank of India App",0.13,47.35,0.13,47.35,"Sep"
"113","Central Bank of India App",0.13,47.83,0.13,47.83,"Aug"
"114","Central Bank of India App",0.12,46.71,0.12,46.71,"Jul"
"115","Central Bank of India App",0.11,45.3,0.11,45.3,"Jun"
"116","Central Bank of India App",0.1,42.18,0.1,42.18,"May"
"117","Central Bank of India App",0.11,41.58,0.11,41.58,"Apr"
"118","Central Bank of India App",0.12,46.03,0.12,46.03,"Mar"
"119","Central Bank of India App",0.1,39.78,0.1,39.78,"Feb"
"120","Central Bank of India App",0.11,40.45,0.11,40.45,"Jan"
"121","Citi Bank App",0.09,76.94,0.09,76.94,"Dec"
"122","Citi Bank App",0.09,77.41,0.09,77.41,"Nov"
"123","Citi Bank App",0.11,81.21,0.11,81.21,"Oct"
"124","Citi Bank App",0.12,68.42,0.12,68.42,"Sep"
"125","Citi Bank App",0.09,72.04,0.09,72.04,"Aug"
"126","Citi Bank App",0.09,80.39,0.09,80.39,"Jul"
"127","Citi Bank App",0.08,75.09,0.08,75.09,"Jun"
"128","Citi Bank App",0.08,70.14,0.08,70.14,"May"
"129","Citi Bank App",0.08,68.17,0.08,68.17,"Apr"
"130","Citi Bank App",0.1,71.02,0.1,71.02,"Mar"
"131","Citi Bank App",0.1,64.89,0.1,64.89,"Feb"
"132","Citi Bank App",0.09,71.3,0.09,71.3,"Jan"
"133","Cointab",0.94,144.16,0.94,144.16,"Dec"
"134","Cointab",0.64,112.28,0.64,112.28,"Nov"
"135","Cointab",0.45,84.71,0.45,84.71,"Oct"
"136","Cointab",0.34,69.81,0.34,69.81,"Sep"
"137","Cointab",0.28,63.77,0.28,63.77,"Aug"
"138","Cointab",0.17,49.15,0.17,49.15,"Jul"
"139","Cointab",0.12,40.95,0.12,40.95,"Jun"
"140","Cointab",0.1,35.72,0.1,35.72,"May"
"141","Cointab",0.11,40.84,0.11,40.84,"Apr"
"142","Cointab",0.12,45.71,0.12,45.71,"Mar"
"143","Cointab",0.12,41.56,0.12,41.56,"Feb"
"144","Cointab",0.13,43.7,0.13,43.7,"Jan"
"145","Cred",10.36,13817.16,10.36,13817.16,"Dec"
"146","Cred",9.03,12277.85,9.03,12277.85,"Nov"
"147","Cred",9.73,12561.25,9.73,12561.25,"Oct"
"148","Cred",7.74,9614.36,7.74,9614.36,"Sep"
"149","Cred",7.5,9040.43,7.5,9040.43,"Aug"
"150","Cred",7.12,8121.41,7.12,8121.41,"Jul"
"151","Cred",5.77,6151.57,5.77,6151.57,"Jun"
"152","Cred",5.65,6142.78,5.65,6142.78,"May"
"153","Cred",5.08,5419.88,5.08,5419.88,"Apr"
"154","Cred",4.96,5389.97,4.96,5389.97,"Mar"
"155","Cred",3.94,4229.11,3.94,4229.11,"Feb"
"156","Cred",4.08,4247.83,4.08,4247.83,"Jan"
"157","DBS Digibank App",0.55,190.75,0.55,190.75,"Dec"
"158","DBS Digibank App",0.52,185.2,0.52,185.2,"Nov"
"159","DBS Digibank App",0.58,198.18,0.58,198.18,"Oct"
"160","DBS Digibank App",0.55,180.79,0.55,180.79,"Sep"
"161","DBS Digibank App",0.57,187.52,0.57,187.52,"Aug"
"162","DBS Digibank App",0.57,189.67,0.57,189.67,"Jul"
"163","DBS Digibank App",0.51,170.57,0.51,170.57,"Jun"
"164","DBS Digibank App",0.47,160.73,0.47,160.73,"May"
"165","DBS Digibank App",0.54,164.93,0.54,164.93,"Apr"
"166","DBS Digibank App",0.59,178.13,0.59,178.13,"Mar"
"167","DBS Digibank App",0.52,167.48,0.52,167.48,"Feb"
"168","DBS Digibank App",0.56,178.75,0.56,178.75,"Jan"
"169","Dena Bank App",0.02,26.08,0.02,26.08,"Dec"
"170","Dena Bank App",0.02,24.11,0.02,24.11,"Nov"
"171","Dena Bank App",0.02,27.43,0.02,27.43,"Oct"
"172","Dena Bank App",0.02,24.37,0.02,24.37,"Sep"
"173","Dena Bank App",0.02,23.12,0.02,23.12,"Aug"
"174","Dena Bank App",0.02,24.26,0.02,24.26,"Jul"
"175","Dena Bank App",0.02,21.57,0.02,21.57,"Jun"
"176","Dena Bank App",0.02,20.9,0.02,20.9,"May"
"177","Dena Bank App",0.02,22.37,0.02,22.37,"Apr"
"178","Dena Bank App",0.02,23.57,0.02,23.57,"Mar"
"179","Dena Bank App",0.01,17.66,0.01,17.66,"Feb"
"180","Dena Bank App",0.02,20.5,0.02,20.5,"Jan"
"181","Deutsche Bank App",0.85,85.62,0.85,86.2,"Dec"
"182","Deutsche Bank App",0.98,115.42,0.98,115.42,"Nov"
"183","Deutsche Bank App",0.85,98.84,0.85,99.23,"Oct"
"184","Deutsche Bank App",0.76,70.24,0.76,70.24,"Sep"
"185","Deutsche Bank App",0.73,81.7,0.73,81.74,"Aug"
"186","Deutsche Bank App",0.52,55.42,0.52,55.55,"Jul"
"187","Deutsche Bank App",0.32,27.44,0.32,27.44,"Jun"
"188","Deutsche Bank App",0.21,14.69,0.21,14.73,"May"
"189","Deutsche Bank App",0.43,43.32,0.43,43.58,"Apr"
"190","Deutsche Bank App",0.71,79.28,0.71,79.58,"Mar"
"191","Deutsche Bank App",0.55,59.97,0.55,59.97,"Feb"
"192","Deutsche Bank App",0.55,60.39,0.55,60.65,"Jan"
"193","Federal Bank App",0.48,99.96,0.48,99.96,"Dec"
"194","Federal Bank App",0.47,91.94,0.47,91.94,"Nov"
"195","Federal Bank App",0.44,90.5,0.44,90.5,"Oct"
"196","Federal Bank App",0.39,79.44,0.39,79.44,"Sep"
"197","Federal Bank App",0.35,74.71,0.35,74.71,"Aug"
"198","Federal Bank App",0.28,68.82,0.28,68.82,"Jul"
"199","Federal Bank App",0.21,49.99,0.21,49.99,"Jun"
"200","Federal Bank App",0.17,38.99,0.17,38.99,"May"
"201","Federal Bank App",0.19,39.57,0.19,39.57,"Apr"
"202","Federal Bank App",0.2,38.85,0.2,38.85,"Mar"
"203","Federal Bank App",0.16,30.55,0.16,30.55,"Feb"
"204","Federal Bank App",0.15,26.09,0.15,26.09,"Jan"
"205","Fino Payments bank App",0.03,2.09,0.03,2.09,"Dec"
"206","Fino Payments bank App",0.02,1.81,0.02,1.81,"Nov"
"207","Fino Payments bank App",0.02,1.75,0.02,1.75,"Oct"
"208","Fino Payments bank App",0.02,1.63,0.02,1.63,"Sep"
"209","Fino Payments bank App",0.02,1.38,0.02,1.38,"Aug"
"210","Fino Payments bank App",0.01,1.13,0.01,1.13,"Jul"
"211","Fino Payments bank App",0.01,1.09,0.01,1.09,"Jun"
"212","Fino Payments bank App",0.01,1.23,0.01,1.23,"May"
"213","Fino Payments bank App",0.01,1.18,0.01,1.18,"Apr"
"214","Fino Payments bank App",0.01,1.28,0.01,1.28,"Mar"
"215","Fino Payments bank App",0.01,1.14,0.01,1.14,"Feb"
"216","Fino Payments bank App",0.01,1.08,0.01,1.08,"Jan"
"217","Google Pay",1587.43,302989.79,1587.43,302989.79,"Dec"
"218","Google Pay",1447.84,283357.99,1447.84,283357.99,"Nov"
"219","Google Pay",1451.93,287491.46,1451.93,287491.46,"Oct"
"220","Google Pay",1294.56,250393.65,1294.56,250393.65,"Sep"
"221","Google Pay",1243.75,244453.05,1243.75,244453.05,"Aug"
"222","Google Pay",1119.16,230847.54,1119.16,230847.54,"Jul"
"223","Google Pay",972.26,207287.73,972.26,207287.73,"Jun"
"224","Google Pay",880.59,187136.95,880.59,187136.95,"May"
"225","Google Pay",905.96,190106.71,905.96,190106.71,"Apr"
"226","Google Pay",957.01,201185.14,957.01,201185.14,"Mar"
"227","Google Pay",827.86,174455.33,827.86,174455.33,"Feb"
"228","Google Pay",853.53,177791.47,853.53,177791.47,"Jan"
"229","HDFC Bank Apps",4.96,1250.74,4.96,1250.74,"Dec"
"230","HDFC Bank Apps",3.87,1030.59,3.87,1030.59,"Nov"
"231","HDFC Bank Apps",5.02,1082.99,5.02,1082.99,"Oct"
"232","HDFC Bank Apps",3.14,772.08,3.14,772.08,"Sep"
"233","HDFC Bank Apps",3.1,676.72,3.1,676.72,"Aug"
"234","HDFC Bank Apps",3,588.25,3,588.25,"Jul"
"235","HDFC Bank Apps",2.07,408.61,2.07,408.61,"Jun"
"236","HDFC Bank Apps",1.56,274.77,1.56,274.77,"May"
"237","HDFC Bank Apps",1.42,243.86,1.42,243.86,"Apr"
"238","HDFC Bank Apps",1.59,244.17,1.59,244.17,"Mar"
"239","HDFC Bank Apps",1.13,208.06,1.13,208.06,"Feb"
"240","HDFC Bank Apps",1.52,244.03,1.52,244.03,"Jan"
"241","HSBC Bank App",0.09,53.64,0.09,53.73,"Dec"
"242","HSBC Bank App",0.08,46.94,0.08,46.98,"Nov"
"243","HSBC Bank App",0.08,53.35,0.08,53.39,"Oct"
"244","HSBC Bank App",0.08,42.97,0.08,43.02,"Sep"
"245","HSBC Bank App",0.07,39.19,0.07,39.24,"Aug"
"246","HSBC Bank App",0.06,40.49,0.06,40.52,"Jul"
"247","HSBC Bank App",0.07,35.56,0.07,35.57,"Jun"
"248","HSBC Bank App",0.06,35.67,0.06,35.68,"May"
"249","HSBC Bank App",0.07,40.02,0.07,40.03,"Apr"
"250","HSBC Bank App",0.08,45.88,0.08,45.89,"Mar"
"251","HSBC Bank App",0.05,37.34,0.05,37.36,"Feb"
"252","HSBC Bank App",0.06,41.58,0.06,41.59,"Jan"
"253","ICICI Bank Apps",28.81,8742.96,31.99,8921.76,"Dec"
"254","ICICI Bank Apps",25.74,7049.36,29.14,7246.75,"Nov"
"255","ICICI Bank Apps",26.24,6167.22,29.27,6329.63,"Oct"
"256","ICICI Bank Apps",18.86,6395.93,22.11,6579.65,"Sep"
"257","ICICI Bank Apps",17.55,5476.78,19.81,5621.27,"Aug"
"258","ICICI Bank Apps",15.41,5761.98,18.26,5896.05,"Jul"
"259","ICICI Bank Apps",12.94,4958.01,15.29,5076.12,"Jun"
"260","ICICI Bank Apps",10.95,4411.52,13.16,4514.11,"May"
"261","ICICI Bank Apps",10.76,3672.3,14.37,3827.95,"Apr"
"262","ICICI Bank Apps",9.95,3703.08,13.95,3823.36,"Mar"
"263","ICICI Bank Apps",7.63,2393.8,9.93,2477.23,"Feb"
"264","ICICI Bank Apps",6.22,1835.97,10.46,1984.07,"Jan"
"265","IDBI Bank App",0.02,11.34,0.02,11.34,"Dec"
"266","IDBI Bank App",0.03,13.31,0.03,13.31,"Nov"
"267","IDBI Bank App",0.03,14.22,0.03,14.22,"Oct"
"268","IDBI Bank App",0.02,12,0.02,12,"Sep"
"269","IDBI Bank App",0.03,11.26,0.03,11.26,"Aug"
"270","IDBI Bank App",0.02,11.24,0.02,11.24,"Jul"
"271","IDBI Bank App",0.02,10.86,0.02,10.86,"Jun"
"272","IDBI Bank App",0.02,10.36,0.02,10.36,"May"
"273","IDBI Bank App",0.02,9.59,0.02,9.59,"Apr"
"274","IDBI Bank App",0.02,9.68,0.02,9.68,"Mar"
"275","IDBI Bank App",0.02,9.15,0.02,9.15,"Feb"
"276","IDBI Bank App",0.02,9.18,0.02,9.18,"Jan"
"277","IDFC Bank App",0.9,278.53,0.9,278.53,"Dec"
"278","IDFC Bank App",0.64,237.83,0.64,237.83,"Nov"
"279","IDFC Bank App",0.62,231.02,0.62,231.02,"Oct"
"280","IDFC Bank App",0.49,181.96,0.49,181.96,"Sep"
"281","IDFC Bank App",0.4,155.19,0.4,155.19,"Aug"
"282","IDFC Bank App",0.3,130.1,0.3,130.1,"Jul"
"283","IDFC Bank App",0.21,101.74,0.21,101.74,"Jun"
"284","IDFC Bank App",0.15,72.34,0.15,72.34,"May"
"285","IDFC Bank App",0.15,65.23,0.15,65.23,"Apr"
"286","IDFC Bank App",0.13,60.84,0.13,60.84,"Mar"
"287","IDFC Bank App",0.1,47.09,0.1,47.09,"Feb"
"288","IDFC Bank App",0.08,41.87,0.08,41.87,"Jan"
"289","India Post Payments Bank App",2.76,321.16,2.76,321.16,"Dec"
"290","India Post Payments Bank App",2.3,286.07,2.3,286.07,"Nov"
"291","India Post Payments Bank App",2.39,291.7,2.39,291.7,"Oct"
"292","India Post Payments Bank App",2.28,267.94,2.28,267.94,"Sep"
"293","India Post Payments Bank App",2,255.16,2,255.16,"Aug"
"294","India Post Payments Bank App",1.79,231.52,1.79,231.52,"Jul"
"295","India Post Payments Bank App",1.47,203.73,1.47,203.73,"Jun"
"296","India Post Payments Bank App",1.29,178.52,1.29,178.52,"May"
"297","India Post Payments Bank App",1.32,174.08,1.32,174.08,"Apr"
"298","India Post Payments Bank App",1.21,167.52,1.21,167.52,"Mar"
"299","India Post Payments Bank App",1.23,145.46,1.23,145.46,"Feb"
"300","India Post Payments Bank App",1.08,123.25,1.08,123.25,"Jan"
"301","Indian Bank App",0.12,42.71,0.12,42.71,"Dec"
"302","Indian Bank App",0.09,37.77,0.09,37.77,"Nov"
"303","Indian Bank App",0.09,38.84,0.09,38.84,"Oct"
"304","Indian Bank App",0.08,35.34,0.08,35.34,"Sep"
"305","Indian Bank App",0.08,34.46,0.08,34.46,"Aug"
"306","Indian Bank App",0.08,33.52,0.08,33.52,"Jul"
"307","Indian Bank App",0.05,25.18,0.05,25.18,"Jun"
"308","Indian Bank App",0.06,26.84,0.06,26.84,"May"
"309","Indian Bank App",0.06,24.13,0.06,24.13,"Apr"
"310","Indian Bank App",0.09,34.1,0.09,34.1,"Mar"
"311","Indian Bank App",0.05,12.38,0.05,12.38,"Feb"
"312","Indian Bank App",0.02,5.77,0.02,5.77,"Jan"
"313","IndusInd Bank App",1.19,1269.16,1.19,1269.16,"Dec"
"314","IndusInd Bank App",1.1,1407.31,1.1,1407.31,"Nov"
"315","IndusInd Bank App",1.05,1014.56,1.05,1014.56,"Oct"
"316","IndusInd Bank App",0.33,532.43,0.33,532.43,"Sep"
"317","IndusInd Bank App",0.52,570.21,0.52,570.21,"Aug"
"318","IndusInd Bank App",2.18,458.06,2.18,458.06,"Jul"
"319","IndusInd Bank App",2.18,421.41,2.18,421.41,"Jun"
"320","IndusInd Bank App",3.12,433.37,3.12,433.37,"May"
"321","IndusInd Bank App",4.2,654.49,4.2,654.49,"Apr"
"322","IndusInd Bank App",4.49,541.66,4.49,541.66,"Mar"
"323","IndusInd Bank App",2.16,379.54,2.16,379.54,"Feb"
"324","IndusInd Bank App",1.82,367.77,1.82,367.77,"Jan"
"325","Jio Payments Bank App",1.65,100.19,1.65,100.19,"Dec"
"326","Jio Payments Bank App",1.38,89.68,1.38,89.68,"Nov"
"327","Jio Payments Bank App",1.33,85.75,1.33,85.75,"Oct"
"328","Jio Payments Bank App",1.24,74.89,1.24,74.89,"Sep"
"329","Jio Payments Bank App",1.06,68.16,1.06,68.16,"Aug"
"330","Jio Payments Bank App",1.03,63.44,1.03,63.44,"Jul"
"331","Jio Payments Bank App",0.8,52.08,0.8,52.08,"Jun"
"332","Jio Payments Bank App",0.68,40.92,0.68,40.92,"May"
"333","Jio Payments Bank App",0.57,35.43,0.57,35.43,"Apr"
"334","Jio Payments Bank App",0.47,32.14,0.47,32.14,"Mar"
"335","Jio Payments Bank App",0.36,25.76,0.36,25.76,"Feb"
"336","Jio Payments Bank App",0.41,27.91,0.41,27.91,"Jan"
"337","Karnataka Bank App",0.25,30.03,0.25,30.03,"Dec"
"338","Karnataka Bank App",0.22,27.68,0.22,27.68,"Nov"
"339","Karnataka Bank App",0.2,25.71,0.2,25.71,"Oct"
"340","Karnataka Bank App",0.16,18.64,0.16,18.64,"Sep"
"341","Karnataka Bank App",0.12,15.38,0.12,15.38,"Aug"
"342","Karnataka Bank App",0.13,18.45,0.13,18.45,"Jul"
"343","Karnataka Bank App",0.12,22.51,0.12,22.51,"Jun"
"344","Karnataka Bank App",0.1,20.74,0.1,20.74,"May"
"345","Karnataka Bank App",0.12,21.13,0.12,21.13,"Apr"
"346","Karnataka Bank App",0.12,20.89,0.12,20.89,"Mar"
"347","Karnataka Bank App",0.09,16.41,0.09,16.41,"Feb"
"348","Karnataka Bank App",0.07,15.35,0.07,15.35,"Jan"
"349","Karur Vysya Bank App",0.04,17.44,0.04,17.44,"Dec"
"350","Karur Vysya Bank App",0.03,15.46,0.03,15.46,"Nov"
"351","Karur Vysya Bank App",0.03,15.4,0.03,15.4,"Oct"
"352","Karur Vysya Bank App",0.03,14.14,0.03,14.14,"Sep"
"353","Karur Vysya Bank App",0.03,15.25,0.03,15.25,"Aug"
"354","Karur Vysya Bank App",0.03,14.6,0.03,14.6,"Jul"
"355","Karur Vysya Bank App",0.03,12.59,0.03,12.59,"Jun"
"356","Karur Vysya Bank App",0.02,11.59,0.02,11.59,"May"
"357","Karur Vysya Bank App",0.03,13.08,0.03,13.08,"Apr"
"358","Karur Vysya Bank App",0.03,15.14,0.03,15.14,"Mar"
"359","Karur Vysya Bank App",0.03,13.87,0.03,13.87,"Feb"
"360","Karur Vysya Bank App",0.03,13.14,0.03,13.14,"Jan"
"361","Kotak Mahindra Bank Apps",6.39,1168.93,6.39,1168.93,"Dec"
"362","Kotak Mahindra Bank Apps",5.78,1035.67,5.78,1035.67,"Nov"
"363","Kotak Mahindra Bank Apps",5.38,944.5,5.38,944.5,"Oct"
"364","Kotak Mahindra Bank Apps",4.31,771.05,4.31,771.05,"Sep"
"365","Kotak Mahindra Bank Apps",3.98,723.21,3.98,723.21,"Aug"
"366","Kotak Mahindra Bank Apps",3.46,642.53,3.46,642.53,"Jul"
"367","Kotak Mahindra Bank Apps",2.8,535.98,2.8,535.98,"Jun"
"368","Kotak Mahindra Bank Apps",2.37,427.4,2.37,427.4,"May"
"369","Kotak Mahindra Bank Apps",2.13,381.37,2.13,381.37,"Apr"
"370","Kotak Mahindra Bank Apps",2.26,397.99,2.26,397.99,"Mar"
"371","Kotak Mahindra Bank Apps",1.95,347.66,1.95,347.66,"Feb"
"372","Kotak Mahindra Bank Apps",1.88,343.38,1.88,343.38,"Jan"
"373","MakeMy Trip",0.07,22.3,0.07,22.3,"Dec"
"374","MakeMy Trip",0.12,45.04,0.12,45.04,"Nov"
"375","MakeMy Trip",0.13,48.4,0.13,48.4,"Oct"
"376","MakeMy Trip",0.08,25.67,0.08,25.67,"Sep"
"377","MakeMy Trip",0.08,25.28,0.08,25.28,"Aug"
"378","MakeMy Trip",0.08,29.31,0.08,29.31,"Jul"
"379","MakeMy Trip",0.06,22.16,0.06,22.16,"Jun"
"380","MakeMy Trip",0.03,11.47,0.03,11.47,"May"
"381","MakeMy Trip",0.08,26.08,0.08,26.08,"Apr"
"382","MakeMy Trip",0.09,31.2,0.09,31.2,"Mar"
"383","MakeMy Trip",0.12,44.08,0.12,44.08,"Feb"
"384","MakeMy Trip",0.01,3.95,0.01,3.95,"Jan"
"385","MI Pay",0.31,43.97,0.31,43.97,"Dec"
"386","MI Pay",0.33,47.27,0.33,47.27,"Nov"
"387","MI Pay",0.37,54.77,0.37,54.77,"Oct"
"388","MI Pay",0.36,51.29,0.36,51.29,"Sep"
"389","MI Pay",0.34,50.26,0.34,50.26,"Aug"
"390","MI Pay",0.34,53.34,0.34,53.34,"Jul"
"391","MI Pay",0.36,56.69,0.36,56.69,"Jun"
"392","MI Pay",0.37,55.17,0.37,55.17,"May"
"393","MI Pay",0.38,58.08,0.38,58.08,"Apr"
"394","MI Pay",0.42,64.65,0.42,64.65,"Mar"
"395","MI Pay",0.4,59.91,0.4,59.91,"Feb"
"396","MI Pay",0.44,62.81,0.44,62.81,"Jan"
"397","Mobikwik",4.24,985.86,4.24,985.86,"Dec"
"398","Mobikwik",5.18,1478.95,5.18,1478.95,"Nov"
"399","Mobikwik",4.08,1070.32,4.08,1070.32,"Oct"
"400","Mobikwik",3.2,687.94,3.2,687.94,"Sep"
"401","Mobikwik",2.59,418.04,2.59,418.04,"Aug"
"402","Mobikwik",2.8,402.42,2.8,402.42,"Jul"
"403","Mobikwik",3.21,535.12,3.21,535.12,"Jun"
"404","Mobikwik",3.18,467.11,3.18,467.11,"May"
"405","Mobikwik",2.09,254.32,2.09,254.32,"Apr"
"406","Mobikwik",2.22,315.59,2.22,315.59,"Mar"
"407","Mobikwik",1.92,216.94,1.92,216.94,"Feb"
"408","Mobikwik",1.94,253.16,1.94,253.16,"Jan"
"409","Paytm Payments Bank App",612.71,71874.13,706.37,88094.49,"Dec"
"410","Paytm Payments Bank App",543.71,66920.55,631.3,81403.37,"Nov"
"411","Paytm Payments Bank App",542.57,64727.41,632.18,80508.04,"Oct"
"412","Paytm Payments Bank App",462.71,53793.06,543.55,61417.53,"Sep"
"413","Paytm Payments Bank App",423.63,50021.4,498.65,56319.62,"Aug"
"414","Paytm Payments Bank App",387.85,46406.52,454.06,51694.41,"Jul"
"415","Paytm Payments Bank App",326.53,40614.09,383.05,44981.11,"Jun"
"416","Paytm Payments Bank App",290.69,35715.48,343.81,43741.16,"May"
"417","Paytm Payments Bank App",320.78,36859.2,372.7,41469.53,"Apr"
"418","Paytm Payments Bank App",344.99,38653.06,401.16,43221.25,"Mar"
"419","Paytm Payments Bank App",290.03,34405.44,340.71,38493.52,"Feb"
"420","Paytm Payments Bank App",281.18,33909.5,332.69,37845.76,"Jan"
"421","PhonePe",2077.6,394565.58,2077.6,394565.58,"Dec"
"422","PhonePe",1911.21,365044.32,1911.21,365044.32,"Nov"
"423","PhonePe",1937.57,365845.39,1937.57,365845.39,"Oct"
"424","PhonePe",1653.19,306437.37,1653.19,306437.37,"Sep"
"425","PhonePe",1622.95,301644.8,1622.95,301644.8,"Aug"
"426","PhonePe",1492.09,288573,1492.09,288572.9,"Jul"
"427","PhonePe",1292.71,262565.88,1292.71,262565.88,"Jun"
"428","PhonePe",1149.84,234123.57,1149.84,234123.57,"May"
"429","PhonePe",1189.89,234023.33,1189.89,234023.33,"Apr"
"430","PhonePe",1199.51,231412.33,1199.51,231412.33,"Mar"
"431","PhonePe",975.53,189517.82,975.53,189517.82,"Feb"
"432","PhonePe",968.72,191973.77,968.72,191973.77,"Jan"
"433","Punjab National Bank App",0.07,33.76,0.07,33.76,"Dec"
"434","Punjab National Bank App",0.07,31.14,0.07,31.14,"Nov"
"435","Punjab National Bank App",0.08,32.06,0.08,32.06,"Oct"
"436","Punjab National Bank App",0.07,25.07,0.07,25.07,"Sep"
"437","Punjab National Bank App",0.04,15.28,0.04,15.28,"Aug"
"438","Punjab National Bank App",0.02,8.86,0.02,8.86,"Jul"
"439","Punjab National Bank App",0.08,41.1,0.08,41.1,"Jun"
"440","Punjab National Bank App",0.11,55.51,0.11,55.51,"May"
"441","Punjab National Bank App",0.12,63.07,0.12,63.07,"Apr"
"442","Punjab National Bank App",0.14,72.25,0.14,72.25,"Mar"
"443","Punjab National Bank App",0.13,62.93,0.13,62.93,"Feb"
"444","Punjab National Bank App",0.13,64.68,0.13,64.68,"Jan"
"445","RBL Bank App",0.35,102.17,0.35,102.17,"Dec"
"446","RBL Bank App",0.25,81.95,0.25,81.95,"Nov"
"447","RBL Bank App",0.22,84.08,0.22,84.08,"Oct"
"448","RBL Bank App",0.17,65.95,0.17,65.95,"Sep"
"449","RBL Bank App",0.16,70.24,0.16,70.24,"Aug"
"450","RBL Bank App",0.15,68.54,0.15,68.54,"Jul"
"451","RBL Bank App",0.13,61.95,0.13,61.95,"Jun"
"452","RBL Bank App",0.12,56.21,0.12,56.21,"May"
"453","RBL Bank App",0.13,58.08,0.13,58.08,"Apr"
"454","RBL Bank App",0.14,59.94,0.14,59.94,"Mar"
"455","RBL Bank App",0.12,49.4,0.12,49.4,"Feb"
"456","RBL Bank App",0.12,48.58,0.12,48.58,"Jan"
"457","Samsung Pay",3.21,436.3,3.21,436.3,"Dec"
"458","Samsung Pay",2.8,412.13,2.8,412.13,"Nov"
"459","Samsung Pay",2.81,428.41,2.81,428.41,"Oct"
"460","Samsung Pay",2.37,371.1,2.37,371.1,"Sep"
"461","Samsung Pay",2.25,372.08,2.25,372.08,"Aug"
"462","Samsung Pay",2.02,367.67,2.02,367.67,"Jul"
"463","Samsung Pay",1.64,331.04,1.64,331.04,"Jun"
"464","Samsung Pay",1.36,302.68,1.36,302.68,"May"
"465","Samsung Pay",1.62,312.93,1.62,312.93,"Apr"
"466","Samsung Pay",1.83,326.96,1.83,326.96,"Mar"
"467","Samsung Pay",1.65,296.08,1.65,296.08,"Feb"
"468","Samsung Pay",1.67,314.07,1.67,314.07,"Jan"
"469","South Indian Bank App",0.13,39.92,0.13,39.92,"Dec"
"470","South Indian Bank App",0.11,36.91,0.11,36.91,"Nov"
"471","South Indian Bank App",0.11,37.4,0.11,37.4,"Oct"
"472","South Indian Bank App",0.09,31.18,0.09,31.18,"Sep"
"473","South Indian Bank App",0.09,31.69,0.09,31.69,"Aug"
"474","South Indian Bank App",0.08,28.23,0.08,28.23,"Jul"
"475","South Indian Bank App",0.06,24.3,0.06,24.3,"Jun"
"476","South Indian Bank App",0.05,19.67,0.05,19.67,"May"
"477","South Indian Bank App",0.07,23.53,0.07,23.53,"Apr"
"478","South Indian Bank App",0.07,25.5,0.07,25.5,"Mar"
"479","South Indian Bank App",0.06,22.61,0.06,22.61,"Feb"
"480","South Indian Bank App",0.06,22.77,0.06,22.77,"Jan"
"481","Standard Chartered Bank App",0.1,60.26,0.1,60.26,"Dec"
"482","Standard Chartered Bank App",0.09,53.87,0.09,53.87,"Nov"
"483","Standard Chartered Bank App",0.1,56.38,0.1,56.38,"Oct"
"484","Standard Chartered Bank App",0.08,45.86,0.08,45.86,"Sep"
"485","Standard Chartered Bank App",0.08,45.31,0.08,45.31,"Aug"
"486","Standard Chartered Bank App",0.08,46.29,0.08,46.29,"Jul"
"487","Standard Chartered Bank App",0.06,39.42,0.06,39.42,"Jun"
"488","Standard Chartered Bank App",0.06,36.73,0.06,36.73,"May"
"489","Standard Chartered Bank App",0.06,33.32,0.06,33.32,"Apr"
"490","Standard Chartered Bank App",0.05,30.66,0.05,30.66,"Mar"
"491","Standard Chartered Bank App",0.05,27.11,0.05,27.11,"Feb"
"492","Standard Chartered Bank App",0.05,27.86,0.05,27.86,"Jan"
"493","State Bank of India Apps",3.63,1961.7,3.63,1961.72,"Dec"
"494","State Bank of India Apps",3.72,1990.21,3.72,1990.21,"Nov"
"495","State Bank of India Apps",3.98,2089.18,3.98,2089.18,"Oct"
"496","State Bank of India Apps",3.77,1874.58,3.77,1874.58,"Sep"
"497","State Bank of India Apps",3.69,1905.52,3.69,1905.52,"Aug"
"498","State Bank of India Apps",3.55,1908.2,3.55,1908.2,"Jul"
"499","State Bank of India Apps",3.43,1978.61,3.43,1978.61,"Jun"
"500","State Bank of India Apps",3.69,2079.32,3.69,2079.32,"May"
"501","State Bank of India Apps",4.14,2359.08,4.14,2359.08,"Apr"
"502","State Bank of India Apps",4.55,2578.38,4.55,2578.38,"Mar"
"503","State Bank of India Apps",4.13,2273.77,4.13,2273.77,"Feb"
"504","State Bank of India Apps",4.29,2358.82,4.29,2358.82,"Jan"
"505","UCO Bank App",0.14,33.49,0.14,33.49,"Dec"
"506","UCO Bank App",0.12,30.41,0.12,30.41,"Nov"
"507","UCO Bank App",0.11,27.95,0.11,27.95,"Oct"
"508","UCO Bank App",0.1,23.44,0.1,23.44,"Sep"
"509","UCO Bank App",0.09,21.64,0.09,21.64,"Aug"
"510","UCO Bank App",0.08,22.5,0.08,22.5,"Jul"
"511","UCO Bank App",0.09,20.8,0.09,20.8,"Jun"
"512","UCO Bank App",0.08,19.5,0.08,19.5,"May"
"513","UCO Bank App",0.07,16.17,0.07,16.17,"Apr"
"514","UCO Bank App",0.07,16.08,0.07,16.08,"Mar"
"515","UCO Bank App",0.06,13.69,0.06,13.69,"Feb"
"516","UCO Bank App",0.05,14.12,0.05,14.12,"Jan"
"517","Ultracash",1.96,178.99,1.96,178.99,"Dec"
"518","Ultracash",2.13,162.44,2.13,162.44,"Nov"
"519","Ultracash",2.32,170.32,2.32,170.32,"Oct"
"520","Ultracash",2.02,163.57,2.02,163.57,"Sep"
"521","Ultracash",1.66,161.92,1.66,161.92,"Aug"
"522","Ultracash",1.45,158.45,1.45,158.45,"Jul"
"523","Ultracash",1.19,148.09,1.19,148.09,"Jun"
"524","Ultracash",1.15,142.92,1.15,142.92,"May"
"525","Ultracash",1.49,178.72,1.49,178.72,"Apr"
"526","Ultracash",1.33,158.23,1.33,158.23,"Mar"
"527","Ultracash",0.89,118.31,0.89,118.31,"Feb"
"528","Ultracash",0.75,120.28,0.75,120.28,"Jan"
"529","Union Bank Apps",0.36,167.6,0.36,167.6,"Dec"
"530","Union Bank Apps",0.43,178.53,0.43,178.53,"Nov"
"531","Union Bank Apps",0.66,223.98,0.66,223.98,"Oct"
"532","Union Bank Apps",0.41,155.2,0.41,155.2,"Sep"
"533","Union Bank Apps",0.37,150.94,0.37,150.94,"Aug"
"534","Union Bank Apps",0.33,137.37,0.33,137.37,"Jul"
"535","Union Bank Apps",0.29,128.37,0.29,128.37,"Jun"
"536","Union Bank Apps",0.28,110.65,0.28,110.65,"May"
"537","Union Bank Apps",0.34,135.79,0.34,135.79,"Apr"
"538","Union Bank Apps",0.38,144.93,0.38,144.93,"Mar"
"539","Union Bank Apps",0.32,119.4,0.32,119.4,"Feb"
"540","Union Bank Apps",0.24,99.94,0.24,99.94,"Jan"
"541","Yes Bank Apps",24.88,5689.57,25.14,5689.75,"Dec"
"542","Yes Bank Apps",24.13,6170.96,24.34,6171.08,"Nov"
"543","Yes Bank Apps",28.32,7660.21,28.41,7660.27,"Oct"
"544","Yes Bank Apps",23.02,4994.32,23.03,4994.33,"Sep"
"545","Yes Bank Apps",24.34,5702.87,24.35,5702.87,"Aug"
"546","Yes Bank Apps",25.94,4811.73,25.94,4811.73,"Jul"
"547","Yes Bank Apps",24.72,5227.04,24.72,5227.04,"Jun"
"548","Yes Bank Apps",21.08,4486.54,21.08,4486.54,"May"
"549","Yes Bank Apps",22.81,5120.17,22.81,5120.17,"Apr"
"550","Yes Bank Apps",29.14,4831.58,29.14,4831.58,"Mar"
"551","Yes Bank Apps",29.34,3396.01,29.34,3396.01,"Feb"
"552","Yes Bank Apps",14.78,3207.95,14.78,3207.95,"Jan"
